City_ID,City,Country,Date,Lat,Lng,Max Temp,Humidity,Cloudiness,Wind Speed
0,Busselton,AU,2021-05-26 01:46:19,-33.65,115.3333,56.05,64,89,13.18
1,Qaanaaq,GL,2021-05-26 01:46:20,77.484,-69.3632,29.34,72,12,6.31
2,Dikson,RU,2021-05-26 01:45:01,73.5069,80.5464,23.9,92,39,8.75
3,Rikitea,PF,2021-05-26 01:46:20,-23.1203,-134.9692,77.68,79,56,16.6
4,Puerto Ayora,EC,2021-05-26 01:46:20,-0.7393,-90.3518,74.55,91,13,5.01
5,Castro,BR,2021-05-26 01:46:21,-24.7911,-50.0119,49.69,52,29,1.32
6,Mahdasht,IR,2021-05-26 01:46:21,35.7299,50.8111,64.62,87,90,33.38
7,Inongo,CD,2021-05-26 01:46:22,-1.95,18.2667,71.89,84,97,1.99
8,Itarema,BR,2021-05-26 01:46:22,-2.9248,-39.9167,76.77,82,87,9.95
9,Zholymbet,KZ,2021-05-26 01:46:23,51.7433,71.7122,81.48,27,0,3.89
10,Albany,US,2021-05-26 01:42:14,42.6001,-73.9662,74.05,68,100,4.79
11,Kazachinskoye,RU,2021-05-26 01:46:24,57.6953,93.2761,48.51,34,95,10.98
12,Tuktoyaktuk,CA,2021-05-26 01:46:24,69.4541,-133.0374,30.2,86,90,6.91
13,Santa Luzia,BR,2021-05-26 01:42:58,-19.7697,-43.8514,71.94,73,0,4.76
14,Atuona,PF,2021-05-26 01:46:24,-9.8,-139.0333,79.95,63,56,12.88
15,Touros,BR,2021-05-26 01:46:25,-5.1989,-35.4608,76.1,89,12,11.56
16,Harper,LR,2021-05-26 01:46:26,4.375,-7.7169,79.65,86,100,4.72
17,Homer,US,2021-05-26 01:46:26,59.6425,-151.5483,69.08,52,1,18.41
18,Hermanus,ZA,2021-05-26 01:46:27,-34.4187,19.2345,48.79,69,100,5.7
19,Saskylakh,RU,2021-05-26 01:46:27,71.9167,114.0833,52.77,68,99,10.63
20,Ushuaia,AR,2021-05-26 01:43:48,-54.8,-68.3,31.66,86,75,17.27
21,Mataura,NZ,2021-05-26 01:46:27,-46.1927,168.8643,49.48,45,94,1.63
22,Carnarvon,AU,2021-05-26 01:46:27,-24.8667,113.6333,62.67,45,100,13.8
23,Goderich,CA,2021-05-26 01:42:47,43.7501,-81.7165,75.52,50,100,19.57
24,Avarua,CK,2021-05-26 01:46:28,-21.2078,-159.775,82.45,78,40,8.05
25,San Quintin,MX,2021-05-26 01:46:28,30.4833,-115.95,64.53,74,35,8.41
26,Haines Junction,CA,2021-05-26 01:46:28,60.7522,-137.5108,55.35,44,100,3.44
27,Lengshuitan,CN,2021-05-26 01:46:29,26.4111,111.5956,80.89,79,95,8.21
28,Ribeira Grande,PT,2021-05-26 01:46:29,38.5167,-28.7,64.29,94,100,16.51
29,Souillac,MU,2021-05-26 01:46:29,-20.5167,57.5167,70.36,94,40,7.9
30,Coelho Neto,BR,2021-05-26 01:46:30,-4.2567,-43.0128,74.66,82,48,1.83
31,Upernavik,GL,2021-05-26 01:46:30,72.7868,-56.1549,31.57,88,63,14.03
32,Nishihara,JP,2021-05-26 01:46:31,26.1842,127.7558,85.68,79,20,8.16
33,Den Helder,NL,2021-05-26 01:46:31,52.9599,4.7593,50.99,84,90,10.36
34,Bredasdorp,ZA,2021-05-26 01:46:31,-34.5322,20.0403,54.72,71,79,5.35
35,Faanui,PF,2021-05-26 01:46:32,-16.4833,-151.75,81.18,69,11,10.11
36,Cockburn Town,TC,2021-05-26 01:46:32,21.4612,-71.1419,79.29,79,5,19.39
37,Taksimo,RU,2021-05-26 01:46:32,56.3444,114.8794,54.63,41,7,1.59
38,Vaini,TO,2021-05-26 01:44:40,-21.2,-175.2,73.56,88,90,9.22
39,Cherskiy,RU,2021-05-26 01:46:33,68.75,161.3,63.3,33,16,15.37
40,Geraldton,AU,2021-05-26 01:45:08,-28.7667,114.6,61.21,48,100,19.06
41,Borovoy,RU,2021-05-26 01:46:33,55.4333,86.0833,58.28,72,0,6.2
42,Saint-Philippe,RE,2021-05-26 01:46:34,-21.3585,55.7679,72.95,85,44,8.16
43,Hamilton,US,2021-05-26 01:42:08,39.1834,-84.5333,79.65,67,1,3.78
44,Fairview,US,2021-05-26 01:44:52,40.8126,-73.999,73.22,71,1,0.0
45,Manga,BF,2021-05-26 01:46:34,11.6636,-1.0731,88.77,45,41,8.46
46,Mezen,RU,2021-05-26 01:46:35,65.8522,44.24,32.68,69,100,7.72
47,Aykhal,RU,2021-05-26 01:46:35,66.0,111.5,48.27,64,16,11.12
48,Mayo,US,2021-05-26 01:46:35,38.8876,-76.5119,74.12,89,1,5.01
49,Charleston,US,2021-05-26 01:44:20,32.7766,-79.9309,77.16,72,1,1.01
50,Gobabis,NA,2021-05-26 01:46:36,-22.45,18.9667,51.58,49,0,9.13
51,Narsaq,GL,2021-05-26 01:46:36,60.9167,-46.05,35.82,73,64,2.44
52,Soyo,AO,2021-05-26 01:46:36,-6.1349,12.3689,77.31,90,100,6.98
53,Vestmannaeyjar,IS,2021-05-26 01:46:37,63.4427,-20.2734,44.65,88,71,25.99
54,Yellowknife,CA,2021-05-26 01:46:37,62.456,-114.3525,46.92,31,20,1.01
55,Cape Town,ZA,2021-05-26 01:44:53,-33.9258,18.4232,61.88,77,75,1.99
56,Tiksi,RU,2021-05-26 01:46:37,71.6872,128.8694,35.91,88,8,2.82
57,Nikolskoye,RU,2021-05-26 01:46:38,59.7035,30.7861,48.09,88,92,7.29
58,Bluff,NZ,2021-05-26 01:46:38,-46.6,168.3333,49.8,48,66,2.06
59,Pevek,RU,2021-05-26 01:44:51,69.7008,170.3133,33.4,84,100,3.51
60,Del Rio,US,2021-05-26 01:46:38,29.3627,-100.8968,89.71,54,1,8.05
61,Punta Arenas,CL,2021-05-26 01:45:13,-53.15,-70.9167,35.71,75,20,11.45
62,Santa Cruz,BO,2021-05-26 01:45:32,-17.8,-63.1667,64.8,75,37,4.41
63,Alta Floresta,BR,2021-05-26 01:46:39,-9.8756,-56.0861,72.79,76,78,1.21
64,Pochutla,MX,2021-05-26 01:46:39,15.7432,-96.4661,80.82,78,91,4.38
65,Ostrovnoy,RU,2021-05-26 01:46:40,68.0531,39.5131,34.68,73,11,7.07
66,Provideniya,RU,2021-05-26 01:46:40,64.3833,-173.3,46.51,57,0,15.66
67,Camden,US,2021-05-26 01:46:41,39.7835,-74.9663,71.55,79,73,1.01
68,Makakilo City,US,2021-05-26 01:46:42,21.3469,-158.0858,81.68,65,75,10.36
69,San Cristobal,VE,2021-05-26 01:46:42,7.7669,-72.225,75.38,97,92,4.25
70,New Norfolk,AU,2021-05-26 01:46:43,-42.7826,147.0587,56.7,54,100,5.99
71,Xalpatlahuac,MX,2021-05-26 01:46:43,17.4667,-98.6167,67.41,78,100,4.41
72,Kuruman,ZA,2021-05-26 01:46:43,-27.4524,23.4325,48.81,59,0,3.87
73,Sola,VU,2021-05-26 01:46:44,-13.8833,167.55,77.59,59,88,15.57
74,Hofn,IS,2021-05-26 01:46:44,64.2539,-15.2082,44.11,84,99,10.31
75,Damghan,IR,2021-05-26 01:46:44,36.1683,54.348,72.79,37,77,5.3
76,Ballina,AU,2021-05-26 01:46:45,-28.8667,153.5667,72.79,65,1,4.61
77,La Ronge,CA,2021-05-26 01:46:45,55.1001,-105.2842,44.85,33,20,12.66
78,Tasiilaq,GL,2021-05-26 01:46:45,65.6145,-37.6368,35.76,90,100,41.11
79,Hobart,AU,2021-05-26 01:46:23,-42.8794,147.3294,57.06,61,40,1.99
80,Bharatpur,IN,2021-05-26 01:45:20,27.2167,77.4833,90.54,17,91,3.6
81,Boende,CD,2021-05-26 01:46:46,-0.2167,20.8667,74.93,74,73,1.21
82,Butaritari,KI,2021-05-26 01:46:46,3.0707,172.7902,82.2,78,100,19.17
83,Jamestown,US,2021-05-26 01:45:00,42.097,-79.2353,77.07,73,1,5.75
84,Tezu,IN,2021-05-26 01:46:47,27.9167,96.1667,85.8,62,94,1.7
85,Warwick,US,2021-05-26 01:46:47,41.7001,-71.4162,64.58,76,75,10.36
86,Isla Vista,US,2021-05-26 01:46:47,34.4133,-119.861,83.68,50,1,9.22
87,Tocopilla,CL,2021-05-26 01:46:47,-22.092,-70.1979,70.68,52,100,3.47
88,Ponta Do Sol,PT,2021-05-26 01:46:48,32.6667,-17.1,65.03,67,100,5.73
89,Simpang,ID,2021-05-26 01:46:48,-1.2667,104.0833,82.9,80,99,3.8
90,Bafq,IR,2021-05-26 01:46:48,31.6128,55.4107,81.81,20,2,7.14
91,Talnakh,RU,2021-05-26 01:46:49,69.4865,88.3972,25.39,91,45,13.27
92,Laguna,US,2021-05-26 01:46:49,38.421,-121.4238,84.9,37,1,7.0
93,Leningradskiy,RU,2021-05-26 01:46:49,69.3833,178.4167,36.81,83,32,8.88
94,Harlingen,US,2021-05-26 01:46:49,26.1906,-97.6961,83.34,76,40,17.27
95,Mahebourg,MU,2021-05-26 01:45:26,-20.4081,57.7,70.25,94,40,3.44
96,Aktash,RU,2021-05-26 01:46:50,50.3,87.7333,54.41,51,74,6.82
97,Balclutha,NZ,2021-05-26 01:46:50,-46.2339,169.75,46.6,63,99,2.06
98,Coihaique,CL,2021-05-26 01:46:50,-45.5752,-72.0662,33.75,93,90,4.61
99,Padang,ID,2021-05-26 01:46:51,-0.9492,100.3543,82.45,70,89,1.32
100,Emerald,AU,2021-05-26 01:46:51,-23.5333,148.1667,75.34,50,0,10.36
101,Bengkulu,ID,2021-05-26 01:42:24,-3.8004,102.2655,83.17,71,98,2.77
102,Husavik,IS,2021-05-26 01:46:51,66.0449,-17.3389,39.11,80,20,12.37
103,Luderitz,NA,2021-05-26 01:44:55,-26.6481,15.1594,61.5,68,0,7.38
104,Urzhum,RU,2021-05-26 01:46:52,57.1141,49.9996,50.07,83,4,6.62
105,Yurimaguas,PE,2021-05-26 01:46:52,-5.9,-76.0833,72.07,97,70,1.01
106,Paamiut,GL,2021-05-26 01:46:52,61.994,-49.6678,35.51,70,81,8.21
107,Pirapora,BR,2021-05-26 01:46:53,-17.345,-44.9419,74.89,66,51,1.3
108,Xinzhi,CN,2021-05-26 01:46:53,36.4989,111.7047,78.75,35,6,7.94
109,Klaksvik,FO,2021-05-26 01:46:53,62.2266,-6.589,47.32,89,72,17.67
110,Victoria,HK,2021-05-26 01:44:47,22.2855,114.1577,88.32,83,19,7.0
111,Sibu,MY,2021-05-26 01:46:54,2.3,111.8167,84.51,79,20,1.01
112,Sao Filipe,CV,2021-05-26 01:45:27,14.8961,-24.4956,73.58,75,0,10.16
113,Mayaky,UA,2021-05-26 01:46:54,47.4408,29.5599,53.02,81,2,6.46
114,Ugoofaaru,MV,2021-05-26 01:46:55,5.6667,73.0,83.1,75,100,25.23
115,Mitsamiouli,KM,2021-05-26 01:46:55,-11.3847,43.2844,77.81,70,9,9.33
116,Thinadhoo,MV,2021-05-26 01:46:55,0.5333,72.9333,84.16,65,100,21.61
117,Marawi,PH,2021-05-26 01:46:55,7.9986,124.2928,77.65,79,85,3.83
118,Henties Bay,NA,2021-05-26 01:46:56,-22.116,14.2845,62.96,81,0,6.96
119,Chokurdakh,RU,2021-05-26 01:46:56,70.6333,147.9167,39.02,79,99,8.1
120,Kodiak,US,2021-05-26 01:46:56,57.79,-152.4072,60.31,39,1,5.75
121,Broome,US,2021-05-26 01:46:57,42.2506,-75.833,71.38,81,100,5.01
122,Coihueco,CL,2021-05-26 01:46:57,-36.6167,-71.8333,53.62,100,86,3.22
123,Adrar,MR,2021-05-26 01:46:57,20.5022,-10.0711,84.49,18,100,14.12
124,Cidreira,BR,2021-05-26 01:46:58,-30.1811,-50.2056,55.51,73,0,10.65
125,East London,ZA,2021-05-26 01:46:58,-33.0153,27.9116,63.64,88,54,10.71
126,Port Alfred,ZA,2021-05-26 01:44:42,-33.5906,26.891,62.28,89,45,11.68
127,Arona,ES,2021-05-26 01:46:58,28.0996,-16.681,62.55,62,75,1.99
128,Kapaa,US,2021-05-26 01:45:02,22.0752,-159.319,84.18,68,75,1.01
129,Santa Rosa,PH,2021-05-26 01:46:59,14.3122,121.1114,92.08,66,41,3.2
130,Salo,IT,2021-05-26 01:46:59,45.6086,10.531,55.09,71,11,5.95
131,Chipinge,ZW,2021-05-26 01:47:00,-20.1883,32.6236,47.37,67,0,2.55
132,Berlevag,NO,2021-05-26 01:47:00,70.8578,29.0864,36.59,73,77,8.23
133,Codrington,AU,2021-05-26 01:47:00,-38.2667,141.9667,54.93,61,85,18.07
134,Kruisfontein,ZA,2021-05-26 01:45:09,-34.0033,24.7314,54.88,91,89,5.06
135,Gorontalo,ID,2021-05-26 01:47:01,0.5412,123.0595,86.58,65,63,4.56
136,Cariati,IT,2021-05-26 01:47:01,39.4922,16.9594,59.72,67,69,10.31
137,Nerekhta,RU,2021-05-26 01:47:01,57.4588,40.5747,44.49,89,100,5.44
138,Shetpe,KZ,2021-05-26 01:47:02,44.1667,52.1167,67.96,76,57,13.33
139,Pedernales,DO,2021-05-26 01:47:02,18.0384,-71.744,80.71,76,6,6.24
140,Pangnirtung,CA,2021-05-26 01:47:02,66.1451,-65.7125,18.07,94,97,5.53
141,Morant Bay,JM,2021-05-26 01:47:03,17.8815,-76.4093,83.82,87,18,10.56
142,Kupang,ID,2021-05-26 01:43:17,-10.1667,123.5833,84.78,70,40,16.11
143,Sitka,US,2021-05-26 01:47:03,57.0531,-135.33,49.89,76,90,10.36
144,Yonezawa,JP,2021-05-26 01:47:03,37.9167,140.1167,68.13,67,75,13.0
145,Grinnell,US,2021-05-26 01:47:04,41.743,-92.7224,73.81,82,40,1.99
146,Saint-Leu,RE,2021-05-26 01:47:04,-21.15,55.2833,72.43,74,3,1.95
147,Vostok,RU,2021-05-26 01:47:04,46.4856,135.8833,56.73,36,19,11.86
148,Arraial Do Cabo,BR,2021-05-26 01:47:05,-22.9661,-42.0278,68.74,62,59,4.97
149,Rio Grande,BR,2021-05-26 01:44:42,-32.035,-52.0986,54.7,81,0,9.73
150,Naze,JP,2021-05-26 01:47:05,28.3667,129.4833,65.32,67,100,4.85
151,Kavieng,PG,2021-05-26 01:45:30,-2.5744,150.7967,80.82,83,100,6.8
152,North Platte,US,2021-05-26 01:45:16,41.1239,-100.7654,73.29,46,1,5.75
153,Rundu,NA,2021-05-26 01:47:06,-17.9333,19.7667,50.49,60,0,5.75
154,Vila Velha,BR,2021-05-26 01:47:04,-20.3297,-40.2925,73.35,82,90,3.0
155,Conde,BR,2021-05-26 01:47:06,-7.2597,-34.9075,74.66,94,40,7.7
156,Mogilno,PL,2021-05-26 01:47:07,52.6581,17.9558,46.98,82,39,8.01
157,Barrow,US,2021-05-26 01:46:37,71.2906,-156.7887,28.42,74,90,8.05
158,Sorong,ID,2021-05-26 01:47:07,-0.8833,131.25,80.87,81,100,9.71
159,Fairbanks,US,2021-05-26 01:47:08,64.8378,-147.7164,69.76,27,1,8.05
160,Primorsk,UA,2021-05-26 01:47:08,46.7348,36.3443,59.58,75,14,3.89
161,Hilo,US,2021-05-26 01:43:24,19.7297,-155.09,84.27,78,90,13.8
162,Port Elizabeth,ZA,2021-05-26 01:43:15,-33.918,25.5701,59.29,88,0,8.05
163,Kaitangata,NZ,2021-05-26 01:45:25,-46.2817,169.8464,45.93,63,99,4.27
164,Beringovskiy,RU,2021-05-26 01:47:08,63.05,179.3167,32.54,98,100,6.4
165,Vershino-Darasunskiy,RU,2021-05-26 01:47:09,52.35,115.5167,48.4,58,58,2.95
166,Agadez,NE,2021-05-26 01:47:09,19.75,10.25,80.96,8,0,4.27
167,Starychi,UA,2021-05-26 01:47:09,49.98,23.5585,50.5,90,100,2.28
168,Margate,GB,2021-05-26 01:42:37,51.3813,1.3862,48.31,77,99,1.99
169,Bandarbeyla,SO,2021-05-26 01:47:10,9.4942,50.8122,79.77,72,100,19.15
170,Khatanga,RU,2021-05-26 01:47:10,71.9667,102.5,31.91,100,100,5.88
171,Narrabri,AU,2021-05-26 01:47:11,-30.3167,149.7833,72.52,49,75,18.41
172,Pisco,PE,2021-05-26 01:47:11,-13.7,-76.2167,65.01,94,90,3.44
173,Lebu,CL,2021-05-26 01:47:11,-37.6167,-73.65,53.65,90,100,4.92
174,Zaraza,VE,2021-05-26 01:47:11,9.3503,-65.3245,77.94,73,100,8.97
175,Road Town,VG,2021-05-26 01:42:18,18.4167,-64.6167,81.19,74,95,10.36
176,Ishim,RU,2021-05-26 01:47:12,56.1128,69.4902,73.2,53,55,7.23
177,Tandil,AR,2021-05-26 01:47:12,-37.3217,-59.1332,42.31,71,81,4.34
178,Mizan Teferi,ET,2021-05-26 01:47:12,6.9833,35.5833,60.55,97,78,2.68
179,Asyut,EG,2021-05-26 01:42:16,27.181,31.1837,71.78,29,0,6.58
180,Sulangan,PH,2021-05-26 01:47:13,11.1373,123.7228,83.05,74,100,2.44
181,Ust-Kuyga,RU,2021-05-26 01:47:13,70.0167,135.6,59.88,33,0,22.44
182,Lavrentiya,RU,2021-05-26 01:47:13,65.5833,-171.0,38.95,82,52,9.95
183,Fort Nelson,CA,2021-05-26 01:47:14,58.8053,-122.7002,51.39,25,75,2.3
184,Antofagasta,CL,2021-05-26 01:44:54,-23.65,-70.4,58.28,67,85,4.85
185,Kaoma,ZM,2021-05-26 01:47:14,-14.7833,24.8,49.78,76,2,5.66
186,Mahenge,TZ,2021-05-26 01:47:15,-8.6833,36.7167,56.26,70,56,2.51
187,Akdepe,TM,2021-05-26 01:47:15,42.0551,59.3788,69.8,28,1,4.9
188,Denia,ES,2021-05-26 01:47:15,38.8408,0.1057,65.86,90,28,1.99
189,Yarmouth,US,2021-05-26 01:46:43,41.7057,-70.2286,60.1,70,1,8.99
190,Wau,SS,2021-05-26 01:47:16,7.7029,27.9953,74.97,79,69,4.16
191,Kununurra,AU,2021-05-26 01:45:40,-15.7667,128.7333,89.58,43,42,6.91
192,Ilulissat,GL,2021-05-26 01:47:16,69.2167,-51.1,33.82,64,100,0.0
193,Norman Wells,CA,2021-05-26 01:47:16,65.282,-126.8329,62.64,22,20,11.5
194,Kodinsk,RU,2021-05-26 01:47:17,58.6881,99.1844,42.57,41,96,10.71
195,Mangrol,IN,2021-05-26 01:47:17,21.1167,70.1167,82.74,79,100,15.73
196,Tateyama,JP,2021-05-26 01:47:17,34.9833,139.8667,74.98,74,100,11.7
197,Slavyanka,RU,2021-05-26 01:47:18,42.8633,131.3847,60.19,47,93,11.1
198,Coquimbo,CL,2021-05-26 01:43:16,-29.9533,-71.3436,55.13,87,0,5.06
199,Georgetown,MY,2021-05-26 01:47:18,5.4112,100.3354,84.88,82,20,3.0
200,Kostrzyn,PL,2021-05-26 01:47:19,52.3985,17.2281,46.17,76,65,5.01
201,Hithadhoo,MV,2021-05-26 01:47:19,-0.6,73.0833,83.8,66,100,21.56
202,Neiafu,TO,2021-05-26 01:47:19,-18.65,-173.9833,70.48,100,90,6.91
203,Dingle,PH,2021-05-26 01:45:19,10.9995,122.6711,85.37,70,100,4.36
204,Thompson,CA,2021-05-26 01:47:20,55.7435,-97.8558,28.56,69,90,14.97
205,Vanimo,PG,2021-05-26 01:47:20,-2.6741,141.3028,83.57,78,26,4.41
206,Jiaocheng,CN,2021-05-26 01:47:21,24.6774,116.1389,83.79,74,98,4.79
207,Torbay,CA,2021-05-26 01:47:21,47.6666,-52.7314,46.58,83,90,20.71
208,Spasskoye,RU,2021-05-26 01:47:21,44.6108,132.7969,63.57,43,13,11.83
209,Villa Carlos Paz,AR,2021-05-26 01:43:37,-31.4241,-64.4978,50.4,73,0,1.99
210,Ust-Nera,RU,2021-05-26 01:47:22,64.5667,143.2,53.62,31,47,7.83
211,Hay River,CA,2021-05-26 01:47:23,60.8156,-115.7999,35.58,51,20,9.22
212,Lufkin,US,2021-05-26 01:42:44,31.3382,-94.7291,67.91,96,75,4.7
213,Lucapa,AO,2021-05-26 01:47:23,-8.4192,20.7447,58.15,57,6,4.38
214,San Vicente,AR,2021-05-26 01:47:23,-26.6167,-54.1333,48.15,69,0,2.77
215,Nogliki,RU,2021-05-26 01:47:24,51.8333,143.1667,40.21,73,100,10.49
216,Mattru,SL,2021-05-26 01:47:24,7.6244,-11.8332,75.63,97,100,3.0
217,Kamenka,RU,2021-05-26 01:47:24,51.3223,42.7678,52.99,86,29,6.67
218,Deputatskiy,RU,2021-05-26 01:47:25,69.3,139.9,50.0,33,0,19.24
219,Cabo San Lucas,MX,2021-05-26 01:47:25,22.8909,-109.9124,88.52,30,20,11.5
220,Lorengau,PG,2021-05-26 01:47:25,-2.0226,147.2712,78.28,91,100,9.71
221,Tamara,HN,2021-05-26 01:47:26,14.15,-87.3333,70.66,73,75,4.88
222,Lagoa,PT,2021-05-26 01:45:17,39.05,-27.9833,63.55,91,100,19.66
223,Saldanha,ZA,2021-05-26 01:44:59,-33.0117,17.9442,56.52,83,34,1.39
224,Mendeleyevsk,RU,2021-05-26 01:47:26,55.9082,52.2905,49.24,87,33,7.2
225,Vila Franca Do Campo,PT,2021-05-26 01:47:26,37.7167,-25.4333,64.81,88,100,10.27
226,Bethel,US,2021-05-26 01:47:27,41.3712,-73.414,67.28,76,1,3.44
227,Gushikawa,JP,2021-05-26 01:44:14,26.3544,127.8686,85.62,79,75,7.7
228,Urdoma,RU,2021-05-26 01:47:27,61.7533,48.5442,39.31,95,100,7.67
229,Muros,ES,2021-05-26 01:47:28,42.7762,-9.0603,56.08,73,86,11.99
230,Iskateley,RU,2021-05-26 01:47:28,67.6803,53.1512,33.33,65,20,10.98
231,Pesaro,IT,2021-05-26 01:47:28,43.9036,12.8903,55.94,66,0,3.47
232,Sao Desiderio,BR,2021-05-26 01:47:28,-12.3633,-44.9733,70.16,38,5,3.15
233,Anloga,GH,2021-05-26 01:47:29,5.7947,0.8973,82.62,84,91,10.42
234,Lompoc,US,2021-05-26 01:47:29,34.6391,-120.4579,79.38,73,1,17.27
235,Esperance,AU,2021-05-26 01:44:57,-33.8667,121.9,57.04,66,16,9.57
236,Monticello,US,2021-05-26 01:47:30,45.3055,-93.7941,80.24,33,1,15.5
237,Guacimo,CR,2021-05-26 01:47:30,10.2104,-83.6807,84.78,97,98,2.01
238,Guerrero Negro,MX,2021-05-26 01:47:30,27.9769,-114.0611,63.88,78,100,15.28
239,Abu Samrah,SY,2021-05-26 01:47:30,35.3029,37.1841,68.54,43,0,5.93
240,Aksarka,RU,2021-05-26 01:47:31,66.5606,67.7975,34.86,90,100,13.44
241,Anadyr,RU,2021-05-26 01:47:31,64.75,177.4833,48.7,53,20,24.0
242,Ibra,OM,2021-05-26 01:47:31,22.6906,58.5334,82.72,42,0,1.1
243,Sargatskoye,RU,2021-05-26 01:47:32,55.6101,73.4972,70.72,64,5,7.16
244,Raudeberg,NO,2021-05-26 01:47:32,61.9875,5.1352,50.86,85,98,12.19
245,Sungaipenuh,ID,2021-05-26 01:47:32,-2.0833,101.3833,73.2,81,97,2.53
246,Irbil,IQ,2021-05-26 01:47:33,36.1926,44.0106,68.7,46,3,5.59
247,Skhisma,GR,2021-05-26 01:47:33,35.2667,25.7167,72.16,50,0,7.94
248,Aranda De Duero,ES,2021-05-26 01:47:33,41.6704,-3.6892,50.31,69,100,7.65
249,Airai,TL,2021-05-26 01:47:33,-8.9266,125.4092,72.18,54,15,5.23
250,Hami,CN,2021-05-26 01:47:34,42.8,93.45,80.91,12,0,7.85
251,Tasgaon,IN,2021-05-26 01:47:34,17.0333,74.6,75.81,80,99,13.53
252,Burgeo,CA,2021-05-26 01:47:34,47.6167,-57.6152,43.27,96,100,15.75
253,Nguruka,TZ,2021-05-26 01:47:35,-5.1092,31.0419,60.24,80,32,1.9
254,Longyearbyen,SJ,2021-05-26 01:45:04,78.2186,15.6401,28.24,80,75,14.97
255,San Juan Del Sur,NI,2021-05-26 01:47:35,11.2529,-85.8705,81.9,79,100,21.5
256,Ciechanow,PL,2021-05-26 01:47:35,52.8814,20.62,50.59,94,99,12.33
257,Adelaide,AU,2021-05-26 01:45:04,-34.9333,138.6,63.52,55,40,8.01
258,Inzer,RU,2021-05-26 01:47:36,54.2167,57.5556,57.67,91,99,5.23
259,Pokhara,NP,2021-05-26 01:47:36,28.2333,83.9833,75.09,75,100,2.01
260,Huescar,ES,2021-05-26 01:47:37,37.811,-2.5412,55.94,88,0,5.01
261,Port Lincoln,AU,2021-05-26 01:47:37,-34.7333,135.8667,59.83,55,98,14.54
262,Wasilla,US,2021-05-26 01:42:45,61.5814,-149.4394,75.18,23,1,8.05
263,Aloleng,PH,2021-05-26 01:47:39,16.1307,119.7824,86.41,64,11,3.74
264,Caraballeda,VE,2021-05-26 01:47:39,10.6112,-66.8522,81.37,74,67,8.97
265,Necochea,AR,2021-05-26 01:47:39,-38.5473,-58.7368,45.84,55,63,10.16
266,Saint George,US,2021-05-26 01:45:04,37.1041,-113.5841,90.07,10,1,1.01
267,Yovon,TJ,2021-05-26 01:47:39,38.3141,69.0378,69.48,50,52,6.13
268,Athabasca,CA,2021-05-26 01:47:40,54.7169,-113.2854,58.03,52,100,4.29
269,Aripuana,BR,2021-05-26 01:47:40,-9.1667,-60.6333,77.18,75,88,2.17
270,Petropavlovsk-Kamchatskiy,RU,2021-05-26 01:47:40,53.0452,158.6483,48.79,57,40,12.66
271,Fortuna,US,2021-05-26 01:47:41,40.5982,-124.1573,64.47,68,40,7.0
272,Kuytun,RU,2021-05-26 01:47:41,54.3419,101.5036,47.28,74,100,9.51
273,Sinegorye,RU,2021-05-26 01:47:41,62.0788,150.477,39.38,92,100,6.26
274,Kyshtovka,RU,2021-05-26 01:47:42,56.555,76.6271,67.84,62,24,6.26
275,Kurchum,KZ,2021-05-26 01:47:43,48.5722,83.6542,74.7,41,1,8.79
276,Lujan,AR,2021-05-26 01:47:43,-34.5703,-59.105,53.98,76,3,1.28
277,Kieta,PG,2021-05-26 01:47:43,-6.2167,155.6333,81.63,85,100,7.85
278,Bayshore Gardens,US,2021-05-26 01:47:43,27.4253,-82.5904,79.03,72,1,8.05
279,Nizhniy Kuranakh,RU,2021-05-26 01:47:44,58.8353,125.4869,53.46,55,100,6.8
280,San Policarpo,PH,2021-05-26 01:47:44,12.1791,125.5072,85.3,68,100,4.54
281,Udachnyy,RU,2021-05-26 01:47:44,66.4167,112.4,51.85,53,17,10.2
282,Jalingo,NG,2021-05-26 01:47:45,8.8833,11.3667,81.19,65,100,6.13
283,Svetlogorsk,BY,2021-05-26 01:47:45,52.6333,29.7333,56.12,91,97,11.95
284,Iqaluit,CA,2021-05-26 01:47:45,63.7506,-68.5145,28.13,86,90,15.01
285,Gewane,ET,2021-05-26 01:47:46,10.1664,40.6453,80.87,30,87,5.53
286,Bambous Virieux,MU,2021-05-26 01:47:46,-20.3428,57.7575,70.21,94,40,8.5
287,Temir,KZ,2021-05-26 01:47:46,49.1414,57.13,76.01,36,5,3.85
288,Christchurch,NZ,2021-05-26 01:47:39,-43.5333,172.6333,53.01,76,16,8.01
289,Chuy,UY,2021-05-26 01:47:47,-33.6971,-53.4616,47.86,83,0,6.4
290,Mar Del Plata,AR,2021-05-26 01:43:40,-38.0023,-57.5575,47.23,68,0,8.01
291,Tilichiki,RU,2021-05-26 01:47:47,60.4667,166.1,42.71,62,99,14.16
292,Katsuura,JP,2021-05-26 01:47:47,35.1333,140.3,76.23,74,100,15.95
293,Maraa,BR,2021-05-26 01:47:48,-1.8333,-65.3667,74.1,98,100,2.01
294,Shar,KZ,2021-05-26 01:47:48,49.5886,81.0453,76.53,42,7,1.86
295,Clyde River,CA,2021-05-26 01:45:07,70.4692,-68.5914,26.83,93,100,24.16
296,Newcastle,AU,2021-05-26 01:47:14,-32.9272,151.7765,75.18,55,20,5.01
297,Yining,CN,2021-05-26 01:47:49,29.0361,114.5636,78.01,81,100,4.41
298,Bathsheba,BB,2021-05-26 01:45:31,13.2167,-59.5167,81.21,61,20,15.08
299,Campo Sesenta,MX,2021-05-26 01:47:49,27.45,-110.1,86.49,17,58,7.45
300,Ladario,BR,2021-05-26 01:47:49,-19.0047,-57.6017,70.86,58,3,2.21
301,Ashland,US,2021-05-26 01:47:50,40.8167,-82.2665,81.14,70,81,6.85
302,Matay,EG,2021-05-26 01:47:50,28.419,30.7792,73.76,38,0,12.3
303,Camacupa,AO,2021-05-26 01:47:50,-12.0167,17.4833,50.27,65,3,3.4
304,Keetmanshoop,NA,2021-05-26 01:47:51,-26.5833,18.1333,59.92,44,0,3.44
305,Kilindoni,TZ,2021-05-26 01:47:51,-7.9139,39.6668,79.02,67,26,16.64
306,Troitskoye,RU,2021-05-26 01:47:51,52.9821,84.6757,72.03,68,6,5.48
307,Marsh Harbour,BS,2021-05-26 01:47:52,26.5412,-77.0636,75.87,71,0,14.41
308,San Patricio,US,2021-05-26 01:47:52,28.017,-97.5169,81.01,85,0,15.23
309,Wuda,CN,2021-05-26 01:44:05,39.4994,106.7117,65.12,30,0,24.23
310,Sibolga,ID,2021-05-26 01:47:52,1.7427,98.7792,84.38,71,80,1.14
311,Horta,PT,2021-05-26 01:47:53,38.5333,-28.6333,63.61,95,100,16.33
312,Tiruchchendur,IN,2021-05-26 01:47:53,8.4833,78.1167,79.09,82,100,23.04
313,Quelimane,MZ,2021-05-26 01:47:53,-17.8786,36.8883,60.75,93,0,5.01
314,Meadow Lake,US,2021-05-26 01:45:07,34.8014,-106.5436,81.88,15,50,6.98
315,Opuwo,NA,2021-05-26 01:47:54,-18.0607,13.84,58.23,45,0,8.19
316,Kembe,CF,2021-05-26 01:47:54,4.6228,21.8865,70.0,94,61,2.15
317,Lakhdenpokhya,RU,2021-05-26 01:47:54,61.5198,30.1992,41.83,85,100,8.99
318,Kushima,JP,2021-05-26 01:47:55,31.4583,131.2333,73.44,60,100,3.33
319,Manaus,BR,2021-05-26 01:44:27,-3.1019,-60.025,79.3,94,0,4.61
320,Tartagal,AR,2021-05-26 01:47:55,-22.5164,-63.8013,56.23,70,0,4.32
321,Vila Do Maio,CV,2021-05-26 01:47:56,15.1333,-23.2167,72.39,81,0,16.06
322,Constitucion,CL,2021-05-26 01:47:56,-35.3333,-72.4167,54.48,81,11,7.18
323,Hasaki,JP,2021-05-26 01:45:15,35.7333,140.8333,76.17,62,100,10.31
324,Acajutla,SV,2021-05-26 01:47:14,13.5928,-89.8275,79.38,80,100,15.41
325,Port Blair,IN,2021-05-26 01:45:04,11.6667,92.75,84.24,84,90,10.36
326,Tessalit,ML,2021-05-26 01:47:57,20.1986,1.0114,91.0,7,53,8.5
327,Marienburg,PL,2021-05-26 01:47:57,54.0359,19.0266,48.88,95,60,10.56
328,Port Hedland,AU,2021-05-26 01:47:57,-20.3167,118.5667,75.25,31,40,19.57
329,Zhigansk,RU,2021-05-26 01:47:58,66.7697,123.3711,55.26,51,100,4.88
330,Beloye,UA,2021-05-26 01:47:58,48.4952,39.0505,58.03,79,27,2.35
331,Pacific Grove,US,2021-05-26 01:45:01,36.6177,-121.9166,70.2,78,40,11.01
332,Cayce,US,2021-05-26 01:47:59,33.9657,-81.074,84.06,67,75,1.01
333,Guiglo,CI,2021-05-26 01:47:59,6.5456,-7.4966,73.44,97,100,2.26
334,Kenora,CA,2021-05-26 01:47:59,49.8167,-94.4337,58.39,77,75,13.8
335,Baturaja,ID,2021-05-26 01:47:59,-4.1333,104.1667,83.93,74,21,2.46
336,Nizwa,OM,2021-05-26 01:48:00,22.9333,57.5333,84.9,25,0,1.05
337,Slupca,PL,2021-05-26 01:48:00,52.2873,17.8719,46.2,88,32,10.63
338,Westport,US,2021-05-26 01:43:57,41.1415,-73.3579,68.61,83,1,1.99
339,Asau,RO,2021-05-26 01:48:02,46.4333,26.4,59.76,100,4,4.88
340,Ponta Delgada,PT,2021-05-26 01:48:02,37.7333,-25.6667,65.12,94,20,11.5
341,Dezful,IR,2021-05-26 01:48:03,32.3811,48.4058,79.63,22,1,5.1
342,Teahupoo,PF,2021-05-26 01:48:03,-17.8333,-149.2667,78.76,74,88,5.84
343,Namibe,AO,2021-05-26 01:48:04,-15.1961,12.1522,74.55,63,0,4.56
344,Koplik,AL,2021-05-26 01:48:04,42.2136,19.4364,58.6,54,0,3.22
345,Smithfield,US,2021-05-26 01:48:04,41.922,-71.5495,66.78,74,1,1.01
346,Avera,US,2021-05-26 01:48:05,33.194,-82.5271,82.71,50,100,7.27
347,Belmonte,BR,2021-05-26 01:48:05,-15.8631,-38.8828,75.7,83,16,3.38
348,Swellendam,ZA,2021-05-26 01:48:05,-34.0226,20.4417,53.98,90,49,2.77
349,Treinta Y Tres,UY,2021-05-26 01:48:06,-33.2333,-54.3833,46.58,91,0,4.32
350,Daan,CN,2021-05-26 01:48:06,33.0558,106.2958,69.26,65,100,2.98
351,Moose Factory,CA,2021-05-26 01:48:06,51.2585,-80.6094,75.2,56,1,16.11
352,Inhuma,BR,2021-05-26 01:48:07,-6.6683,-41.7078,72.23,52,9,5.35
353,Parabel,RU,2021-05-26 01:48:07,58.6978,81.4825,50.5,52,62,9.26
354,Constantine,DZ,2021-05-26 01:48:07,36.365,6.6147,58.41,77,0,2.3
355,Lazaro Cardenas,MX,2021-05-26 01:48:08,17.9583,-102.2,79.57,68,5,7.23
356,Oksfjord,NO,2021-05-26 01:48:08,70.2396,22.3479,37.47,83,71,2.55
357,Salalah,OM,2021-05-26 01:45:28,17.0151,54.0924,80.69,78,20,2.3
358,Astana,KZ,2021-05-26 01:48:08,51.1801,71.446,71.55,64,0,3.56
359,Harrisonville,US,2021-05-26 01:43:15,38.6533,-94.3488,73.81,84,40,0.0
360,Nome,US,2021-05-26 01:48:09,64.5011,-165.4064,68.11,30,1,8.05
361,Iquique,CL,2021-05-26 01:43:19,-20.2208,-70.1431,59.04,66,83,4.27
362,Ciudad Bolivar,VE,2021-05-26 01:48:09,8.1222,-63.5497,83.35,62,86,13.33
363,Ahipara,NZ,2021-05-26 01:48:10,-35.1667,173.1667,59.5,66,81,9.42
364,Moyale,KE,2021-05-26 01:48:11,3.5167,39.0584,63.14,83,69,4.68
365,Kahului,US,2021-05-26 01:44:22,20.8947,-156.47,86.02,73,40,18.41
366,Port Macquarie,AU,2021-05-26 01:48:11,-31.4333,152.9167,69.76,48,43,3.78
367,Oga,IT,2021-05-26 01:48:12,46.4631,10.347,35.69,70,9,3.67
368,Urumqi,CN,2021-05-26 01:48:12,43.801,87.6005,77.95,21,0,3.91
369,Wanning,CN,2021-05-26 01:48:12,18.8003,110.3967,86.94,70,12,11.56
370,Daitari,IN,2021-05-26 01:48:13,21.1,85.75,72.52,93,100,18.66
371,Lata,PT,2021-05-26 01:48:13,40.1629,-8.3327,60.71,81,99,2.64
372,Konstantinovka,RU,2021-05-26 01:48:13,49.6167,127.9833,60.1,46,20,2.42
373,Teguise,ES,2021-05-26 01:48:14,29.0605,-13.564,61.02,68,0,22.01
374,Te Anau,NZ,2021-05-26 01:48:14,-45.4167,167.7167,52.36,59,62,2.66
375,Savannah Bight,HN,2021-05-26 01:48:14,16.45,-85.85,80.01,83,30,22.75
376,Northam,GB,2021-05-26 01:48:15,51.0333,-4.2167,49.3,94,17,6.35
377,Green River,US,2021-05-26 01:48:15,41.5286,-109.4662,57.6,42,100,5.08
378,Saint-Pierre,RE,2021-05-26 01:48:16,-21.3393,55.4781,73.04,71,0,6.91
379,Moose Jaw,CA,2021-05-26 01:48:16,50.4001,-105.5344,44.96,81,100,13.8
380,Ketchikan,US,2021-05-26 01:48:16,55.3422,-131.6461,47.39,82,91,6.17
381,Aktau,KZ,2021-05-26 01:48:17,43.65,51.2,66.78,82,99,21.99
382,Apopka,US,2021-05-26 01:48:17,28.6806,-81.5095,80.26,67,38,1.99
383,Puerto Baquerizo Moreno,EC,2021-05-26 01:48:17,-0.9,-89.6,73.85,79,9,10.25
384,Clyde,US,2021-05-26 01:48:18,41.3042,-82.9752,82.81,80,57,9.73
385,Half Moon Bay,US,2021-05-26 01:46:44,37.4636,-122.4286,72.12,72,20,8.05
386,Zemio,CF,2021-05-26 01:48:18,5.0314,25.1361,68.86,92,30,2.3
387,Awbari,LY,2021-05-26 01:48:18,26.5921,12.7805,84.88,12,1,2.37
388,Prado,BR,2021-05-26 01:48:19,-17.3411,-39.2208,73.54,91,97,3.85
389,Taltal,CL,2021-05-26 01:48:19,-25.4,-70.4833,66.83,59,94,1.34
390,Myitkyina,MM,2021-05-26 01:48:19,25.3833,97.4,81.57,80,86,0.34
391,Ypsonas,CY,2021-05-26 01:48:20,34.6884,32.9574,68.97,94,0,0.36
392,Tubuala,PA,2021-05-26 01:48:20,9.5167,-79.0333,81.34,88,100,1.16
393,Golden,US,2021-05-26 01:45:32,39.7555,-105.2211,73.09,40,40,1.99
394,Jumla,NP,2021-05-26 01:48:21,29.2747,82.1838,62.69,56,100,1.99
395,Ejido,VE,2021-05-26 01:48:21,8.5514,-71.2375,66.96,91,100,6.96
396,Mahon,ES,2021-05-26 01:48:21,39.8885,4.2658,54.16,82,0,2.3
397,Gizo,SB,2021-05-26 01:48:21,-8.103,156.8419,82.09,80,100,20.09
398,Baykit,RU,2021-05-26 01:48:22,61.67,96.37,33.89,67,100,9.73
399,Acapulco,MX,2021-05-26 01:43:57,16.8634,-99.8901,82.8,61,100,7.81
400,Deder,ET,2021-05-26 01:48:22,9.3167,41.45,52.79,86,89,7.47
401,Madingou,CG,2021-05-26 01:48:23,-4.1536,13.55,73.51,89,34,1.39
402,Benin,BJ,2021-05-26 01:48:23,9.5,2.25,75.88,82,12,5.14
403,College,US,2021-05-26 01:48:23,64.8569,-147.8028,71.26,27,40,1.01
404,Sur,OM,2021-05-26 01:48:23,22.5667,59.5289,90.57,41,0,8.57
405,Bilma,NE,2021-05-26 01:48:24,18.6853,12.9164,84.56,9,0,5.39
406,Qaqortoq,GL,2021-05-26 01:48:24,60.7167,-46.0333,36.1,68,61,5.73
407,Salcininkai,LT,2021-05-26 01:48:24,54.3,25.3833,55.49,98,100,9.55
408,Luanda,AO,2021-05-26 01:47:12,-8.8368,13.2343,73.22,86,47,7.92
409,Puerto Escondido,MX,2021-05-26 01:44:44,15.85,-97.0667,83.39,77,99,4.23
410,Alice Springs,AU,2021-05-26 01:48:25,-23.7,133.8833,56.75,38,0,17.85
411,Mpraeso,GH,2021-05-26 01:48:25,6.5932,-0.7346,70.66,99,100,3.31
412,Jaciara,BR,2021-05-26 01:48:25,-15.9653,-54.9683,72.03,73,24,1.7
413,Bay Saint Louis,US,2021-05-26 01:48:26,30.3088,-89.33,77.09,74,1,8.99
414,West Bay,KY,2021-05-26 01:48:26,19.3667,-81.4167,82.47,86,20,1.01
415,Dandong,CN,2021-05-26 01:48:26,40.1292,124.3947,64.27,50,100,19.6
416,Kiruna,SE,2021-05-26 01:48:27,67.8557,20.2251,30.18,94,99,3.91
417,Pontes E Lacerda,BR,2021-05-26 01:48:27,-15.2261,-59.3353,70.47,70,0,3.24
418,Port-Cartier,CA,2021-05-26 01:47:52,50.0334,-66.8654,50.22,95,100,3.18
419,Mao,ES,2021-05-26 01:48:27,39.8885,4.2658,54.16,82,0,2.3
420,Bam,IR,2021-05-26 01:48:28,29.106,58.357,83.59,20,1,4.07
421,Hambantota,LK,2021-05-26 01:48:28,6.1241,81.1185,82.74,78,75,20.2
422,Gazanjyk,TM,2021-05-26 01:48:28,39.2446,55.5154,78.37,49,100,7.61
423,Male,MV,2021-05-26 01:45:56,4.1748,73.5089,84.15,74,75,27.63
424,Riyadh,SA,2021-05-26 01:48:29,24.6877,46.7219,93.25,10,0,5.75
425,Lloydminster,CA,2021-05-26 01:47:17,53.2835,-110.0016,51.48,43,75,6.91
426,Sandpoint,US,2021-05-26 01:48:29,48.2766,-116.5533,62.74,73,75,3.44
427,Cayenne,GF,2021-05-26 01:46:17,4.9333,-52.3333,80.1,89,75,1.01
428,Porto-Vecchio,FR,2021-05-26 01:47:18,41.591,9.2795,55.06,62,0,8.68
429,Zakamensk,RU,2021-05-26 01:48:30,50.3741,103.2863,56.48,42,100,10.04
430,Borup,DK,2021-05-26 01:48:30,55.4947,11.9758,48.58,93,75,6.73
431,Khandyga,RU,2021-05-26 01:48:30,62.6667,135.6,53.4,70,100,5.01
432,Bandar,ID,2021-05-26 01:48:31,2.05,99.75,80.04,90,99,0.94
433,Morondava,MG,2021-05-26 01:48:31,-20.2833,44.2833,66.24,87,1,6.85
434,Odweyne,SO,2021-05-26 01:48:31,9.4092,45.064,71.01,61,71,13.29
435,Ostersund,SE,2021-05-26 01:48:31,63.1792,14.6357,43.61,75,98,4.61
436,Kropotkin,RU,2021-05-26 01:48:32,45.4375,40.5756,55.35,92,16,0.43
437,Kenai,US,2021-05-26 01:48:32,60.5544,-151.2583,69.03,47,1,12.66
438,Le Port,RE,2021-05-26 01:48:33,-20.9373,55.2919,73.36,76,6,4.25
439,Pundaguitan,PH,2021-05-26 01:48:33,6.3711,126.1689,82.45,74,100,4.61
440,Nanortalik,GL,2021-05-26 01:48:33,60.1432,-45.2371,33.87,76,90,11.23
441,Richards Bay,ZA,2021-05-26 01:48:34,-28.783,32.0377,60.46,77,100,6.98
442,Usinsk,RU,2021-05-26 01:48:34,65.9939,57.5281,32.95,69,100,17.31
443,Ville-Marie,CA,2021-05-26 01:48:34,47.3335,-79.433,68.0,88,68,12.03
444,Rocha,UY,2021-05-26 01:44:26,-34.4833,-54.3333,44.76,76,5,5.23
445,Camacha,PT,2021-05-26 01:48:35,33.0833,-16.3333,61.56,63,75,13.8
446,Peniche,PT,2021-05-26 01:48:35,39.3558,-9.3811,63.73,86,98,19.6
447,Urengoy,RU,2021-05-26 01:48:35,65.9667,78.3667,36.09,52,79,2.39
448,Shahpura,IN,2021-05-26 01:48:36,27.3833,75.9667,87.13,33,5,9.44
449,Lasa,IT,2021-05-26 01:48:36,46.6166,10.7002,39.61,67,17,2.04
450,Nanakuli,US,2021-05-26 01:48:36,21.3906,-158.1547,83.1,67,75,7.07
451,Malartic,CA,2021-05-26 01:48:37,48.1335,-78.1328,68.11,93,54,9.22
452,Houma,US,2021-05-26 01:48:37,29.5958,-90.7195,79.0,81,1,5.75
453,Orlik,RU,2021-05-26 01:48:37,52.5178,99.825,40.32,99,100,3.33
454,Eldorado,BR,2021-05-26 01:48:37,-23.7869,-54.2836,66.52,39,100,2.53
455,Finschhafen,PG,2021-05-26 01:48:38,-6.6024,147.8681,80.33,83,79,10.67
456,Lahad Datu,MY,2021-05-26 01:48:38,5.0268,118.327,85.77,67,88,1.97
457,Poum,NC,2021-05-26 01:44:48,-20.2333,164.0167,74.16,56,30,17.22
458,Biak,ID,2021-05-26 01:48:38,-0.9131,122.8766,82.99,68,20,8.01
459,Suntar,RU,2021-05-26 01:48:39,62.1444,117.6319,58.96,40,99,4.63
460,Taoudenni,ML,2021-05-26 01:48:39,22.6783,-3.9836,96.49,18,100,15.21
461,Bavleny,RU,2021-05-26 01:48:39,56.4,39.56,48.96,82,61,2.53
462,Grindavik,IS,2021-05-26 01:48:40,63.8424,-22.4338,46.87,76,75,29.86
463,Canala,NC,2021-05-26 01:48:40,-21.5333,165.95,73.89,56,20,9.71
464,Safford,US,2021-05-26 01:48:40,32.834,-109.7076,92.32,4,1,10.36
465,Kanigoro,ID,2021-05-26 01:48:41,-8.13,112.219,83.1,65,21,1.97
466,Jejuri,IN,2021-05-26 01:48:41,18.2833,74.1667,75.2,72,95,14.94
467,Kholmogory,RU,2021-05-26 01:48:41,64.2229,41.656,33.91,81,18,5.57
468,Mbanza-Ngungu,CD,2021-05-26 01:48:41,-5.25,14.8667,66.18,78,34,3.06
469,Ayan,RU,2021-05-26 01:48:42,56.45,138.1667,42.91,56,100,5.7
470,Aklavik,CA,2021-05-26 01:48:42,68.2191,-135.0107,41.72,69,100,5.84
471,Banda Aceh,ID,2021-05-26 01:46:43,5.5577,95.3222,83.84,73,95,5.5
472,Chicholi,IN,2021-05-26 01:48:42,21.4667,79.6833,90.9,16,100,7.02
473,Dicabisagan,PH,2021-05-26 01:48:43,17.0818,122.4157,89.51,55,18,5.57
474,La Libertad,EC,2021-05-26 01:48:43,-2.2333,-80.9,72.82,85,78,9.01
475,Waddan,LY,2021-05-26 01:48:44,29.1614,16.139,78.04,25,0,5.32
476,Saint-Dizier,FR,2021-05-26 01:48:44,48.4167,5.0833,49.69,93,100,13.73
477,Sioux Lookout,CA,2021-05-26 01:48:44,50.1001,-91.917,64.47,45,75,12.66
478,Bowen,AU,2021-05-26 01:48:44,-20.0167,148.2333,75.42,54,100,16.26
479,Ife,NG,2021-05-26 01:48:45,7.4667,4.5667,72.45,99,100,2.19
480,Atasu,KZ,2021-05-26 01:48:45,48.6814,71.6433,77.25,33,0,6.6
481,Karratha,AU,2021-05-26 01:48:45,-20.7377,116.8463,75.06,43,35,20.38
482,Praia,CV,2021-05-26 01:48:46,14.9215,-23.5087,72.14,78,0,12.66
483,Mana,GF,2021-05-26 01:48:46,5.6592,-53.7767,78.13,92,94,6.17
484,Sovetskiy,RU,2021-05-26 01:48:46,61.3614,63.5842,55.74,70,100,3.74
485,Ararat,AM,2021-05-26 01:48:47,39.8317,44.7049,57.54,67,20,2.71
486,Jiujiang,CN,2021-05-26 01:48:47,29.7333,115.9833,71.26,93,100,3.0
487,Lira,UG,2021-05-26 01:46:03,2.235,32.9097,64.63,96,62,3.27
488,Ewa Beach,US,2021-05-26 01:48:47,21.3156,-158.0072,83.08,64,75,15.99
489,Rosbach,DE,2021-05-26 01:48:48,50.8,7.6167,48.25,98,99,6.82
490,Amapa,BR,2021-05-26 01:48:48,1.0,-52.0,72.72,99,100,1.81
491,Waipawa,NZ,2021-05-26 01:48:48,-41.4122,175.5153,53.46,57,37,8.34
492,Bulungu,CD,2021-05-26 01:48:49,-4.55,18.6,68.18,64,33,3.2
493,Cochabamba,BO,2021-05-26 01:48:49,-17.3895,-66.1568,59.11,62,83,3.15
494,Horn Lake,US,2021-05-26 01:48:49,34.9554,-90.0348,80.28,67,5,7.81
495,Trelew,AR,2021-05-26 01:48:17,-43.249,-65.3051,47.53,45,100,8.25
496,Monrovia,LR,2021-05-26 01:48:50,6.3005,-10.7969,79.65,87,97,3.85
497,Pathalgaon,IN,2021-05-26 01:48:50,22.5667,83.4667,74.59,75,100,5.57
498,Muswellbrook,AU,2021-05-26 01:48:50,-32.2667,150.9,73.33,48,53,10.54
499,Tarko-Sale,RU,2021-05-26 01:48:52,64.9225,77.785,41.63,42,50,7.27
500,Narasannapeta,IN,2021-05-26 01:48:52,18.4167,84.05,83.86,42,100,7.63
501,San Alberto,CO,2021-05-26 01:48:52,7.7611,-73.3922,77.16,82,95,4.92
502,Singaparna,ID,2021-05-26 01:48:53,-7.3515,108.111,80.71,70,33,3.44
503,Hunchun,CN,2021-05-26 01:48:53,42.8675,130.3581,65.62,36,100,3.06
504,Ende,ID,2021-05-26 01:48:53,-8.8432,121.6623,84.97,65,25,3.22
505,Sijunjung,ID,2021-05-26 01:44:05,-0.6876,100.9537,80.29,84,64,0.69
506,Batagay,RU,2021-05-26 01:48:54,67.6333,134.6333,61.95,22,100,8.05
507,Garner,US,2021-05-26 01:47:07,35.7113,-78.6142,78.13,86,90,4.81
508,Taquari,BR,2021-05-26 01:48:54,-29.7997,-51.8644,56.01,88,0,2.71
509,Plaster Rock,CA,2021-05-26 01:48:54,46.9065,-67.39,63.12,99,100,6.02
510,Gari,RU,2021-05-26 01:48:55,59.4307,62.3497,51.24,96,100,11.81
511,Port Moresby,PG,2021-05-26 01:48:46,-9.4431,147.1797,85.42,48,40,11.5
512,Portland,US,2021-05-26 01:47:37,45.5234,-122.6762,62.58,80,75,1.01
513,Sisimiut,GL,2021-05-26 01:48:55,66.9395,-53.6735,29.28,68,10,7.72
514,Ust-Tsilma,RU,2021-05-26 01:48:55,65.441,52.1498,33.42,60,100,9.37
515,Aranos,NA,2021-05-26 01:48:56,-24.1333,19.1167,55.89,38,0,11.16
516,Ransang,PH,2021-05-26 01:48:56,8.9603,117.5828,86.81,61,41,3.62
517,Labuhan,ID,2021-05-26 01:48:50,-6.8844,112.2051,84.94,69,31,10.4
518,Moerai,PF,2021-05-26 01:48:56,-22.4333,-151.3333,78.53,78,39,6.15
519,Enumclaw,US,2021-05-26 01:45:28,47.2043,-121.9915,61.32,76,98,3.0
520,Columbus,US,2021-05-26 01:48:52,39.9612,-82.9988,81.01,54,1,5.95
521,Tura,IN,2021-05-26 01:48:57,25.5198,90.2201,74.21,97,100,3.31
522,Salto,UY,2021-05-26 01:44:11,-31.3833,-57.9667,51.96,94,0,4.0
523,Mareeba,AU,2021-05-26 01:47:54,-17.0,145.4333,70.45,87,96,4.94
524,Prince Rupert,CA,2021-05-26 01:45:04,54.3161,-130.3201,51.89,72,90,3.44
525,Yar-Sale,RU,2021-05-26 01:48:58,66.8333,70.8333,38.35,63,97,7.38
526,Flin Flon,CA,2021-05-26 01:48:58,54.7682,-101.865,38.28,45,66,13.91
527,Dehloran,IR,2021-05-26 01:48:58,32.6941,47.2679,78.53,23,0,2.86
528,San Jeronimo,PE,2021-05-26 01:48:59,-11.9472,-75.2829,46.89,88,100,2.26
529,Srednekolymsk,RU,2021-05-26 01:48:59,67.45,153.6833,57.65,41,73,22.53
530,Payo,ID,2021-05-26 01:48:59,-3.7508,103.6372,84.06,71,32,2.15
531,Maldonado,UY,2021-05-26 01:48:29,-34.6667,-54.9167,55.22,71,4,4.0
532,Kahama,TZ,2021-05-26 01:49:00,-3.8333,32.6,60.35,78,9,3.71
533,Surt,LY,2021-05-26 01:49:00,31.2089,16.5887,69.51,82,4,8.3
534,Genhe,CN,2021-05-26 01:45:11,50.7833,121.5167,49.78,57,80,4.07
535,Porto Nacional,BR,2021-05-26 01:49:00,-10.7081,-48.4172,77.0,55,24,1.1
536,Coari,BR,2021-05-26 01:49:01,-4.085,-63.1414,74.5,97,100,0.69
537,Trat,TH,2021-05-26 01:49:01,12.5,102.5,84.78,85,100,1.01
538,Ponnani,IN,2021-05-26 01:49:01,10.767,75.9252,78.12,82,100,1.88
539,Leshukonskoye,RU,2021-05-26 01:49:02,64.8989,45.7622,32.23,81,100,7.05
540,Grand-Lahou,CI,2021-05-26 01:49:02,5.1367,-5.0242,79.86,86,98,7.02
541,Egvekinot,RU,2021-05-26 01:49:02,66.3167,-179.1667,40.01,71,99,10.2
542,Krasnoselkup,RU,2021-05-26 01:49:03,65.7,82.4667,34.3,49,15,7.63
543,Catuday,PH,2021-05-26 01:49:03,16.2923,119.8062,84.49,65,13,2.13
544,Shelburne,CA,2021-05-26 01:45:04,44.0787,-80.2041,77.49,87,100,14.94
545,Nurota,UZ,2021-05-26 01:49:04,40.5614,65.6886,71.69,22,48,5.79
546,Kentwood,US,2021-05-26 01:49:04,42.8695,-85.6448,79.18,58,75,9.91
547,Les Cayes,HT,2021-05-26 01:49:05,18.2,-73.75,79.11,82,79,3.56
548,Port-Gentil,GA,2021-05-26 01:49:05,-0.7193,8.7815,79.84,87,100,12.84
